dataset_type,alpha,kernel,train_r2,train_mae,train_rmse,valid_r2,valid_mae,valid_rmse,test_r2,test_mae,test_rmse
original,0.001,rbf,0.9051222712130756,0.7312400448126593,1.4385256554517174,0.4475915002815799,2.122370718826006,3.27753447916502,0.5596328018889127,1.7722123630495752,2.7155645014517353
filtered,0.001,rbf,0.9180419438719922,0.6592419435246698,1.2894276955602402,0.4381752793307099,2.1522645771743085,3.3053504717271998,0.5979307584571714,1.6321843911954323,2.594795088350989
