dataset_type,n_estimators,min_child_weight,train_r2,train_mae,train_rmse,valid_r2,valid_mae,valid_rmse,test_r2,test_mae,test_rmse
original,200,8,0.8671264010269493,0.9991121422982927,1.702373385344529,0.4454410789858695,2.090814057600607,3.2839076921536963,0.6535350087544496,1.6444363627800576,2.4086978260552927
filtered,200,8,0.867633231747301,0.9522779156817094,1.638666790594199,0.4383668058088852,2.0925911484624864,3.3047870254478418,0.6872074632487788,1.5179894076127272,2.2886576478236003
